loss,test_loss
Test Loss (L1/MAE),27.788892017711294
Test Loss (L2/RMSE),53.409732818603516
MAPE,0.08173277935485425
