loss,test_loss
Test Loss (L1/MAE),68.64709777832032
Test Loss (L2/RMSE),155.7544708251953
MAPE,0.2017790281818771
