loss,test_loss
Test Loss (L1/MAE),30.58258160677823
Test Loss (L2/RMSE),58.88323974609375
MAPE,0.08994566241417432
